,X.1,X,site.name,ID,PM2.5_2015,AQI_2015,N_2015,PM2.5_2016,AQI_2016,N_2016,PM2.5_2017,AQI_2017,N_2017,PM2.5_2018,AQI_2018,N_2018,PM2.5_2019,AQI_2019,N_2019,Season,interstate,distance_feet,distance_mi,name_pp,active_flag,fuel_type,PP_distance_feet,PP_distance_mi,med_income,PM2.5_2020,AQI_2020,N_2020,PM2.5_2021,AQI_2021,N_2021
1,1,1,Andersen School,Andersen School_Fall,7.761016949,31.8220339,118,6.757017544,27.85964912,114,7.071304348,28.73043478,115,7.691964286,29.9375,112,8.291596639,33.42857143,119,Fall,35W,2977.52,0.563924242,Hennepin County Energy Center,Y,Natural gas,6852.65657,1.298129059,26224,7.813274336,31.28318584,113,6.369072165,26.1443299,97
2,2,2,Andersen School,Andersen School_Spring,5.254166667,21.95833333,24,7.276666667,28.95555556,90,5.904123711,24.51546392,97,8.206185567,33.57731959,97,5.211842105,21.22368421,76,Spring,35W,2977.52,0.563924242,Hennepin County Energy Center,Y,Natural gas,6852.65657,1.298129059,26224,8.146391753,33.62886598,97,4.534453782,18.6302521,119
3,3,3,Andersen School,Andersen School_Summer,8.085714286,32.62857143,35,5.477483444,22.85430464,151,6.97615894,28.40397351,151,7.994630872,31.81208054,149,7.032692308,29.28846154,104,Summer,35W,2977.52,0.563924242,Hennepin County Energy Center,Y,Natural gas,6852.65657,1.298129059,26224,8.26446281,32.79338843,121,10.06280992,36.32231405,121
4,4,4,Andersen School,Andersen School_Winter,9.466666667,37.17948718,117,9.334453782,37.16806723,119,10.08974359,40.1965812,117,9.214529915,36.01709402,117,11.0826087,43.25,92,Winter,35W,2977.52,0.563924242,Hennepin County Energy Center,Y,Natural gas,6852.65657,1.298129059,26224,9.722608696,36.79130435,115,9.145,37.175,120
5,5,5,Andersen Windows North,Andersen Windows North_Fall,7.38045977,30.40229885,87,10.55744681,42.76595745,47,8.091011236,32.47191011,89,4.203370787,16.79775281,89,NA,NA,0,Fall,94,22704,4.3,Xcel Energy - Allen S King Generating Plant,Y,Coal,2064.804407,0.391145036,39688,NA,NA,NA,NA,NA,NA
6,6,6,Andersen Windows North,Andersen Windows North_Spring,6.101369863,25.39726027,73,5.592307692,23.38461538,13,8.508219178,34.84931507,73,9.547945205,39.10958904,73,4.953846154,20.53846154,13,Spring,94,22704,4.3,Xcel Energy - Allen S King Generating Plant,Y,Coal,2064.804407,0.391145036,39688,NA,NA,NA,NA,NA,NA
7,7,7,Andersen Windows North,Andersen Windows North_Summer,5.866037736,23.26415094,106,NA,NA,0,6.43490566,26.38679245,106,8.239047619,33.9047619,105,NA,NA,0,Summer,94,22704,4.3,Xcel Energy - Allen S King Generating Plant,Y,Coal,2064.804407,0.391145036,39688,NA,NA,NA,NA,NA,NA
8,8,8,Andersen Windows North,Andersen Windows North_Winter,8.938636364,34.94318182,88,12.30697674,47.77906977,86,12.8962963,49.56790123,81,7.049438202,27.88764045,89,NA,NA,0,Winter,94,22704,4.3,Xcel Energy - Allen S King Generating Plant,Y,Coal,2064.804407,0.391145036,39688,NA,NA,NA,NA,NA,NA
9,9,9,Andersen Windows South,Andersen Windows South_Fall,7.904123711,32.54639175,97,6.215789474,25.75438596,57,4.988541667,20.86458333,96,9.593684211,36.92631579,95,NA,NA,0,Fall,94,21542.4,4.08,Xcel Energy - Allen S King Generating Plant,Y,Coal,3032.024883,0.574369891,39688,NA,NA,NA,NA,NA,NA
10,10,10,Andersen Windows South,Andersen Windows South_Spring,6.036708861,25.20253165,79,4.531578947,18.94736842,19,4.12,17.09333333,75,5.465822785,22.86075949,79,9.485714286,39.07142857,14,Spring,94,21542.4,4.08,Xcel Energy - Allen S King Generating Plant,Y,Coal,3032.024883,0.574369891,39688,NA,NA,NA,NA,NA,NA
11,11,11,Andersen Windows South,Andersen Windows South_Summer,8.828099174,34.47107438,121,4.4375,18.5,8,3.85042735,16.56410256,117,5.503603604,22.38738739,111,NA,NA,0,Summer,94,21542.4,4.08,Xcel Energy - Allen S King Generating Plant,Y,Coal,3032.024883,0.574369891,39688,NA,NA,NA,NA,NA,NA
12,12,12,Andersen Windows South,Andersen Windows South_Winter,8.209473684,32.27368421,95,7.722340426,31.14893617,94,8.475675676,34.44594595,74,12.90425532,48.90425532,94,NA,NA,0,Winter,94,21542.4,4.08,Xcel Energy - Allen S King Generating Plant,Y,Coal,3032.024883,0.574369891,39688,NA,NA,NA,NA,NA,NA
13,13,13,Anoka County Airport,Anoka County Airport_Fall,5.785,24.075,120,6.44,26.68695652,115,8.155084746,32.94067797,118,6.988392857,27.4375,112,6.373913043,26.03478261,115,Fall,35W,8923.2,1.69,Xcel Energy - Riverside Generating Plant,Y,Natural gas,46383.37581,8.786608139,NA,7.165137615,29.11926606,109,5.584,23.18,100
14,14,14,Anoka County Airport,Anoka County Airport_Spring,4.326373626,18.2967033,91,6.680487805,26.45121951,82,5.744329897,23.81443299,97,7.802380952,32.08333333,84,5.660714286,23.1547619,84,Spring,35W,8923.2,1.69,Xcel Energy - Riverside Generating Plant,Y,Natural gas,46383.37581,8.786608139,NA,5.214851485,21.78217822,101,4.57,18.95833333,120
15,15,15,Anoka County Airport,Anoka County Airport_Summer,5.257638889,21.35416667,144,5.057333333,21.1,150,7.336363636,29.69230769,143,6.856643357,27.70629371,143,5.189333333,21.49333333,150,Summer,35W,8923.2,1.69,Xcel Energy - Riverside Generating Plant,Y,Natural gas,46383.37581,8.786608139,NA,5.09338843,20.78512397,121,10.39607843,37.24509804,102
16,16,16,Anoka County Airport,Anoka County Airport_Winter,8.1375,31.95535714,112,8.178813559,32.94915254,118,10.55128205,41.76068376,117,9.040517241,35.42241379,116,8.67816092,34.49425287,87,Winter,35W,8923.2,1.69,Xcel Energy - Riverside Generating Plant,Y,Natural gas,46383.37581,8.786608139,NA,9.464912281,36.36842105,114,7.996638655,32.70588235,119
17,17,17,Apple Valley,Apple Valley_Fall,7.183636364,29.7,110,6.708695652,27.72173913,115,5.999115044,24.67256637,113,6.413392857,25.13392857,112,7.422093023,29.69767442,86,Fall,35E,7814.4,1.48,Pine Bend Energy LLC,Y,Landfill Gas,49778.50346,9.429762193,31462,7.156976744,29.34883721,86,4.512222222,18.85555556,90
18,18,18,Apple Valley,Apple Valley_Spring,4.710309278,19.68041237,97,7.115384615,28.53846154,91,5.941052632,24.56842105,95,7.045263158,29.31578947,95,5.073469388,20.83673469,98,Spring,35E,7814.4,1.48,Pine Bend Energy LLC,Y,Landfill Gas,49778.50346,9.429762193,31462,6.585555556,27.42222222,90,4.042391304,16.64130435,92
19,19,19,Apple Valley,Apple Valley_Summer,5.400961538,21.68269231,104,5,20.89189189,148,6.889932886,27.99328859,149,7.124285714,28.87857143,140,4.9275,20.5,120,Summer,35E,7814.4,1.48,Pine Bend Energy LLC,Y,Landfill Gas,49778.50346,9.429762193,31462,7.531868132,30.03296703,91,8.8,31.75555556,90
20,20,20,Apple Valley,Apple Valley_Winter,9.208547009,36.32478632,117,8.801694915,35.46610169,118,9.094117647,36.92436975,119,9.499115044,37.44247788,113,10.1741573,40.5505618,89,Winter,35E,7814.4,1.48,Pine Bend Energy LLC,Y,Landfill Gas,49778.50346,9.429762193,31462,8.786363636,33.77272727,88,5.894186047,24.51162791,86
21,21,21,B.F. Pearson School,B.F. Pearson School_Fall,6.466666667,26.6,30,5.99,24.8,30,5.833333333,23.76666667,30,6.406410256,25.07692308,78,4.552222222,18.56666667,90,Fall,494,35006.4,6.63,Koda Energy LLC,Y,Biomass,7206.030495,1.365070245,29260,6.317857143,25.97619048,84,5.469318182,22.44318182,88
22,22,22,B.F. Pearson School,B.F. Pearson School_Spring,5.169565217,21.52173913,23,6.1,25.04166667,24,5.75,23.45833333,24,7.47,31,20,5.853030303,24.18181818,66,Spring,494,35006.4,6.63,Koda Energy LLC,Y,Biomass,7206.030495,1.365070245,29260,5.194565217,21.67391304,92,4.384705882,18.10588235,85
23,23,23,B.F. Pearson School,B.F. Pearson School_Summer,7.568421053,30.81578947,38,5.272972973,22.08108108,37,6.952631579,28.55263158,38,7.066666667,29.4,15,6.99,28.61818182,110,Summer,494,35006.4,6.63,Koda Energy LLC,Y,Biomass,7206.030495,1.365070245,29260,5.565217391,22.25,92,8.502531646,33.17721519,79
24,24,24,B.F. Pearson School,B.F. Pearson School_Winter,8.220689655,32.51724138,29,6.696428571,27.42857143,28,7.717241379,31.68965517,29,8.937078652,35.48314607,89,6.853932584,27.56179775,89,Winter,494,35006.4,6.63,Koda Energy LLC,Y,Biomass,7206.030495,1.365070245,29260,8.195555556,31.46666667,90,5.753333333,24.08888889,90
25,25,25,Ben Franklin School,Ben Franklin School_Fall,6.180909091,25.72727273,110,6.095652174,25.37391304,115,7.090384615,28.875,104,7.5125,29.44642857,112,5.773809524,23.5,84,Fall,90,28512,5.4,RPU - IBM Peaking Diesel Generators,Y,Diesel,27556.71662,5.220190775,32335,5.861111111,24.04444444,90,3.855555556,16.36666667,90
26,26,26,Ben Franklin School,Ben Franklin School_Spring,5.717525773,23.78350515,97,6.359090909,25.85227273,88,5.284269663,22.08988764,89,7.847311828,32.64516129,93,6.436458333,26.625,96,Spring,90,28512,5.4,RPU - IBM Peaking Diesel Generators,Y,Diesel,27556.71662,5.220190775,32335,5.385555556,22.15555556,90,3.565217391,14.81521739,92
27,27,27,Ben Franklin School,Ben Franklin School_Summer,6.946938776,28.08163265,147,4.415646259,18.45578231,147,6.142657343,25.18881119,143,7.886394558,31.83673469,147,6.27398374,25.83739837,123,Summer,90,28512,5.4,RPU - IBM Peaking Diesel Generators,Y,Diesel,27556.71662,5.220190775,32335,3.694680851,15.5,94,6.89,25.8875,80
28,28,28,Ben Franklin School,Ben Franklin School_Winter,8.477118644,33.73728814,118,8.945762712,36.00847458,118,10.52136752,41.95726496,117,10.69237288,41.53389831,118,8.317977528,33.28089888,89,Winter,90,28512,5.4,RPU - IBM Peaking Diesel Generators,Y,Diesel,27556.71662,5.220190775,32335,8.104444444,32.27777778,90,6.466666667,26.81111111,90
29,29,29,Blue Mounds,Blue Mounds_Fall,5.526666667,23.03333333,30,NA,NA,0,NA,NA,0,NA,NA,0,NA,NA,0,Fall,,NA,NA,Worthington Diesel Generating Plant,Y,Diesel,2389904.98,452.7302763,33831,NA,NA,NA,NA,NA,NA
30,30,30,Blue Mounds,Blue Mounds_Spring,6.145454545,25.45454545,22,NA,NA,0,NA,NA,0,NA,NA,0,NA,NA,0,Spring,,NA,NA,Worthington Diesel Generating Plant,Y,Diesel,2389904.98,452.7302763,33831,NA,NA,NA,NA,NA,NA
31,31,31,Blue Mounds,Blue Mounds_Summer,6.723684211,26.78947368,38,NA,NA,0,NA,NA,0,NA,NA,0,NA,NA,0,Summer,,NA,NA,Worthington Diesel Generating Plant,Y,Diesel,2389904.98,452.7302763,33831,NA,NA,NA,NA,NA,NA
32,32,32,Blue Mounds,Blue Mounds_Winter,5.933333333,25,3,NA,NA,0,NA,NA,0,NA,NA,0,NA,NA,0,Winter,,NA,NA,Worthington Diesel Generating Plant,Y,Diesel,2389904.98,452.7302763,33831,NA,NA,NA,NA,NA,NA
33,33,33,Bottineau / Marshall Terrace,NA,NA,NA,NA,NA,NA,NA,NA,NA,NA,NA,NA,NA,NA,NA,NA,NA,94,2634.17,0.498895833,Xcel Energy - Riverside Generating Plant,Y,Natural gas,2844.477073,0.53884188,38230,NA,NA,NA,NA,NA,NA
34,34,34,Boundary Waters,Boundary Waters_Fall,3.424545455,14.37272727,110,2.307964602,9.707964602,113,2.791891892,11.69369369,111,1.910619469,8.17699115,113,4.940909091,20.58181818,110,Fall,35,448800,85,Minnesota Power - Laskin Energy Center,Y,Coal,214715.9427,40.6745912,NA,4.069166667,17.075,120,3.631111111,15.64444444,90
35,35,35,Boundary Waters,Boundary Waters_Spring,4.3625,18.23958333,96,3.282653061,13.75510204,98,2.502061856,10.41237113,97,2.865591398,11.93548387,93,2.125806452,8.860215054,93,Spring,35,448800,85,Minnesota Power - Laskin Energy Center,Y,Coal,214715.9427,40.6745912,NA,4.685833333,19.55,120,2.221551724,9.663793103,116
36,36,36,Boundary Waters,Boundary Waters_Summer,6.48590604,25.59731544,149,2.789705882,11.68382353,136,4.026241135,16.75886525,141,5.428057554,21.27338129,139,4.953691275,20.15436242,149,Summer,35,448800,85,Minnesota Power - Laskin Energy Center,Y,Coal,214715.9427,40.6745912,NA,4.905882353,20.5210084,119,9.910309278,34.64948454,97
37,37,37,Boundary Waters,Boundary Waters_Winter,3.361206897,14.10344828,116,4.083636364,17.04545455,110,3.057983193,12.78151261,119,1.690740741,7.509259259,108,5.908695652,24.46956522,115,Winter,35,448800,85,Minnesota Power - Laskin Energy Center,Y,Coal,214715.9427,40.6745912,NA,2.265517241,9.767241379,116,5.094252874,21.26436782,87
38,38,38,Brainerd Lakes Regional Airport,Brainerd Lakes Regional Airport_Fall,5.057777778,21.08888889,90,4.812345679,20.0617284,81,4.92247191,20.49438202,89,3.953012048,15.95180723,83,3.355294118,14.03529412,85,Fall,94,292406.4,55.38,SMMPA Methane Energy Facility,Y,Landfill Gas,281549.3461,53.33513856,NA,3.824096386,15.96385542,83,3.744047619,15.60714286,84
39,39,39,Brainerd Lakes Regional Airport,Brainerd Lakes Regional Airport_Spring,5.792063492,24.03174603,63,5.293150685,21.95890411,73,4.080555556,16.95833333,72,5.287671233,22.08219178,73,3.363888889,14,72,Spring,94,292406.4,55.38,SMMPA Methane Energy Facility,Y,Landfill Gas,281549.3461,53.33513856,NA,4.283146067,17.88764045,89,4.726666667,17.77777778,90
40,40,40,Brainerd Lakes Regional Airport,Brainerd Lakes Regional Airport_Summer,6.107207207,23.51351351,111,6.677477477,27.83783784,111,6.081730769,24.75961538,104,6.866666667,27.21505376,93,4.322123894,17.78761062,113,Summer,94,292406.4,55.38,SMMPA Methane Energy Facility,Y,Landfill Gas,281549.3461,53.33513856,NA,3.568817204,14.94623656,93,13.99213483,40.88764045,89
41,41,41,Brainerd Lakes Regional Airport,Brainerd Lakes Regional Airport_Winter,6.65952381,26.85714286,84,5.978651685,24.40449438,89,5.868539326,24.49438202,89,5.297752809,21.19101124,89,5.831460674,23.5505618,89,Winter,94,292406.4,55.38,SMMPA Methane Energy Facility,Y,Landfill Gas,281549.3461,53.33513856,NA,5.023333333,20.48888889,90,5.46,22.76666667,90
42,42,42,Fond du Lac Band,Fond du Lac Band_Fall,5.264772727,22.02272727,88,4.125882353,17.23529412,85,3.731034483,15.63218391,87,3.203529412,13.28235294,85,2.451807229,10.36144578,83,Fall,35,15945.6,3.02,Duluth Steam Plant 1,Y,Coal,106858.3635,20.24265267,29324,2.068292683,9.865853659,82,1.196666667,5.955555556,90
43,43,43,Fond du Lac Band,Fond du Lac Band_Spring,NA,NA,0,6.154285714,24.5,70,3.852054795,16.01369863,73,3.991428571,16.54285714,70,2.34084507,9.774647887,71,Spring,35,15945.6,3.02,Duluth Steam Plant 1,Y,Coal,106858.3635,20.24265267,29324,1.13,5.866666667,90,2.349425287,10.2183908,87
44,44,44,Fond du Lac Band,Fond du Lac Band_Summer,7.958510638,31.5,94,4.164814815,17.43518519,108,5.276923077,21.73076923,104,6.379591837,25.43877551,98,4.138888889,17.07407407,108,Summer,35,15945.6,3.02,Duluth Steam Plant 1,Y,Coal,106858.3635,20.24265267,29324,0.493478261,4.52173913,92,8.511702128,30.0106383,94
45,45,45,Fond du Lac Band,Fond du Lac Band_Winter,6.826190476,27.88095238,84,5.007865169,20.51685393,89,4.586206897,19.03448276,87,3.333333333,13.79761905,84,1.624358974,7.551282051,78,Winter,35,15945.6,3.02,Duluth Steam Plant 1,Y,Coal,106858.3635,20.24265267,29324,2.945454545,12.48863636,88,1.85505618,8.02247191,89
46,46,46,FWS Wetland Management District,FWS Wetland Management District_Fall,4.085227273,17.06818182,88,2.514772727,10.80681818,88,5.252272727,21.86363636,88,4.651807229,18.93975904,83,4.045882353,16.91764706,85,Fall,94,152116.8,28.81,Otter Tail Power Co - Hoot Lake Plant,Y,Coal,211010.6663,39.97268429,38567,4.253333333,17.58888889,90,7.507058824,30.62352941,85
47,47,47,FWS Wetland Management District,FWS Wetland Management District_Spring,4.658461538,19.44615385,65,5.187671233,20.42465753,73,3.119178082,12.82191781,73,5.898630137,24.69863014,73,4.805479452,19.79452055,73,Spring,94,152116.8,28.81,Otter Tail Power Co - Hoot Lake Plant,Y,Coal,211010.6663,39.97268429,38567,4.697826087,19.54347826,92,10.08695652,41.52173913,92
48,48,48,FWS Wetland Management District,FWS Wetland Management District_Summer,5.419469027,20.87610619,113,2.446363636,10.20909091,110,6.321495327,25.36448598,107,6.07699115,23.9380531,113,4.557407407,19.00925926,108,Summer,94,152116.8,28.81,Otter Tail Power Co - Hoot Lake Plant,Y,Coal,211010.6663,39.97268429,38567,2.3,9.872340426,94,19.375,60.81818182,88
49,49,49,FWS Wetland Management District,FWS Wetland Management District_Winter,5.945783133,23.91566265,83,4.923529412,20.32941176,85,5.611235955,23.2247191,89,7.029213483,28.11235955,89,5.13258427,20.96629213,89,Winter,94,152116.8,28.81,Otter Tail Power Co - Hoot Lake Plant,Y,Coal,211010.6663,39.97268429,38567,11.79302326,46.36046512,86,4.913414634,20.57317073,82
50,50,50,Grand Portage Band,Grand Portage Band_Fall,5.232394366,21.78873239,71,4.041573034,16.91011236,89,3.964367816,16.50574713,87,4.331460674,18.02247191,89,2.351351351,9.837837838,74,Fall,35,740572.8,140.26,Pope/Douglas Solid Waste Management,Y,Refuse Derived Fuel,358975.4729,68.0023124,NA,2.719512195,11.40243902,82,0.91547619,4.69047619,84
51,51,51,Grand Portage Band,Grand Portage Band_Spring,4.614084507,19.29577465,71,4.528169014,19,71,4.395890411,18.34246575,73,4.129166667,17.29166667,72,3.871232877,16.20547945,73,Spring,35,740572.8,140.26,Pope/Douglas Solid Waste Management,Y,Refuse Derived Fuel,358975.4729,68.0023124,NA,2.758695652,11.47826087,92,2.031707317,8.719512195,82
52,52,52,Grand Portage Band,Grand Portage Band_Summer,5.523333333,21.83333333,30,3.036111111,13.13888889,108,4.819047619,20.07619048,105,5.092380952,20.96190476,105,5.414285714,22,105,Summer,35,740572.8,140.26,Pope/Douglas Solid Waste Management,Y,Refuse Derived Fuel,358975.4729,68.0023124,NA,2.214130435,9.380434783,92,6.44516129,23.06451613,93
53,53,53,Grand Portage Band,Grand Portage Band_Winter,3.223809524,13.53571429,84,5.876744186,24.45348837,86,5.168965517,21.47126437,87,5.341176471,22.34117647,85,2.990697674,12.45348837,86,Winter,35,740572.8,140.26,Pope/Douglas Solid Waste Management,Y,Refuse Derived Fuel,358975.4729,68.0023124,NA,2.528,10.6,75,2.1125,8.943181818,88
54,54,54,Great River Bluffs,Great River Bluffs_Fall,4.04137931,16.82758621,29,3.726666667,15.56666667,30,4.610344828,19,29,4.882758621,19.24137931,29,4.562962963,18.7037037,27,Fall,90,1536.65,0.291032197,Worthington Diesel Generating Plant,Y,Diesel,2389904.98,452.7302763,NA,4.916666667,20.6,30,NA,NA,0
55,55,55,Great River Bluffs,Great River Bluffs_Spring,3.533333333,14.75,24,4.24,17.75,20,3.47826087,14.52173913,23,4.704166667,19.75,24,2.9,12.16666667,24,Spring,90,1536.65,0.291032197,Worthington Diesel Generating Plant,Y,Diesel,2389904.98,452.7302763,NA,3.551851852,14.88888889,27,3.813333333,15.96666667,30
56,56,56,Great River Bluffs,Great River Bluffs_Summer,5.665789474,23.5,38,4.197297297,17.56756757,37,5.476315789,22.65789474,38,6.990625,28.125,32,4.391891892,18.32432432,37,Summer,90,1536.65,0.291032197,Worthington Diesel Generating Plant,Y,Diesel,2389904.98,452.7302763,NA,4.221875,17.625,32,3.975,16.75,4
57,57,57,Great River Bluffs,Great River Bluffs_Winter,6.503448276,26.13793103,29,5.653333333,23.36666667,30,6.427586207,26.55172414,29,7.32,29.76,25,5.336666667,22.16666667,30,Winter,90,1536.65,0.291032197,Worthington Diesel Generating Plant,Y,Diesel,2389904.98,452.7302763,NA,6.023333333,24,30,NA,NA,0
58,58,58,Harding High School,Harding High School_Fall,6.856221198,28.19354839,217,6.663302752,27.48165138,218,7.076497696,28.86175115,217,7.551162791,28.98604651,215,6.55046729,26.62616822,214,Fall,94,2417.7,0.457897727,United & Children's Hospital,Y,Diesel,19630.82082,3.718753259,27240,7.655445545,31.01980198,202,5.686458333,23.53125,192
59,59,59,Harding High School,Harding High School_Spring,5.100598802,21.25149701,167,6.338216561,25.87898089,157,5.806818182,24.02840909,176,7.7275,31.8375,160,6.319760479,25.65868263,167,Spring,94,2417.7,0.457897727,United & Children's Hospital,Y,Diesel,19630.82082,3.718753259,27240,6.478074866,26.88235294,187,5.429383886,22.25118483,211
60,60,60,Harding High School,Harding High School_Summer,6.805576208,27.07806691,269,5.315129151,22.18819188,271,7.612927757,30.95437262,263,8.098091603,32.45801527,262,6.648148148,27.11481481,270,Summer,94,2417.7,0.457897727,United & Children's Hospital,Y,Diesel,19630.82082,3.718753259,27240,6.721004566,26.24200913,219,9.863636364,36.39545455,220
61,61,61,Harding High School,Harding High School_Winter,8.907582938,34.93838863,211,8.261904762,33.32857143,210,9.891826923,39.1875,208,10.02028302,38.91037736,212,9.634615385,38.01098901,182,Winter,94,2417.7,0.457897727,United & Children's Hospital,Y,Diesel,19630.82082,3.718753259,27240,9.812206573,37.35680751,213,7.738095238,31.74285714,210
62,62,62,Laura MacArthur School,Laura MacArthur School_Fall,4.55047619,18.92380952,105,3.809565217,15.93043478,115,3.833043478,15.95652174,115,5.153773585,20,106,4.269318182,17.68181818,88,Fall,35,2180,0.412878788,Duluth Steam Plant 1,Y,Coal,23005.29247,4.357994357,29793,4.44494382,18.50561798,89,3.151724138,13.13793103,87
63,63,63,Laura MacArthur School,Laura MacArthur School_Spring,4.405154639,18.35051546,97,5.524096386,22.09638554,83,4.06547619,16.75,84,4.786170213,19.88297872,94,4.429166667,18.52083333,96,Spring,35,2180,0.412878788,Duluth Steam Plant 1,Y,Coal,23005.29247,4.357994357,29793,4.749425287,19.73563218,87,4.742391304,19.5,92
64,64,64,Laura MacArthur School,Laura MacArthur School_Summer,6.731034483,26.67586207,145,4.524475524,18.83216783,143,5.616546763,23.09352518,139,5.915714286,23.62857143,140,5.880530973,24.12389381,113,Summer,35,2180,0.412878788,Duluth Steam Plant 1,Y,Coal,23005.29247,4.357994357,29793,4.611904762,18.94047619,84,8.681481481,31.71604938,81
65,65,65,Laura MacArthur School,Laura MacArthur School_Winter,6.614782609,26.93913043,115,6.116806723,24.32773109,119,5.304385965,21.85964912,114,6.088695652,24.91304348,115,6.674712644,27.01149425,87,Winter,35,2180,0.412878788,Duluth Steam Plant 1,Y,Coal,23005.29247,4.357994357,29793,6.358974359,25.65384615,78,6.337333333,26.42666667,75
66,66,66,Leech Lake Nation:,NA,NA,NA,NA,NA,NA,NA,NA,NA,NA,NA,NA,NA,NA,NA,NA,NA,35,584707.2,110.74,Virginia Department of Public Utilities,Y,Coal/Natural gas/Biomass,511107.044,96.82126913,21071,NA,NA,NA,NA,NA,NA
67,67,67,Lyndale Neighborhood,Lyndale Neighborhood_Fall,NA,NA,0,NA,NA,0,NA,NA,0,NA,NA,0,NA,NA,0,Fall,35W,698.1,0.132215909,Hennepin County Energy Center,Y,Natural gas,10654.61847,2.018351527,27418,NA,NA,NA,NA,NA,NA
68,68,68,Lyndale Neighborhood,Lyndale Neighborhood_Spring,10.2,41.83333333,12,NA,NA,0,NA,NA,0,NA,NA,0,NA,NA,0,Spring,35W,698.1,0.132215909,Hennepin County Energy Center,Y,Natural gas,10654.61847,2.018351527,27418,NA,NA,NA,NA,NA,NA
69,69,69,Lyndale Neighborhood,Lyndale Neighborhood_Summer,NA,NA,0,NA,NA,0,NA,NA,0,NA,NA,0,NA,NA,0,Summer,35W,698.1,0.132215909,Hennepin County Energy Center,Y,Natural gas,10654.61847,2.018351527,27418,NA,NA,NA,NA,NA,NA
70,70,70,Lyndale Neighborhood,Lyndale Neighborhood_Winter,NA,NA,0,NA,NA,0,NA,NA,0,NA,NA,0,NA,NA,0,Winter,35W,698.1,0.132215909,Hennepin County Energy Center,Y,Natural gas,10654.61847,2.018351527,27418,NA,NA,NA,NA,NA,NA
71,71,71,Michigan Street,Michigan Street_Fall,5.17,21.38888889,90,NA,NA,0,NA,NA,0,NA,NA,0,NA,NA,0,Fall,35,205.44,0.038909091,Duluth Steam Plant 1,Y,Coal,7299.547894,1.38278566,26079,NA,NA,NA,NA,NA,NA
72,72,72,Michigan Street,Michigan Street_Spring,NA,NA,0,NA,NA,0,NA,NA,0,NA,NA,0,NA,NA,0,Spring,35,205.44,0.038909091,Duluth Steam Plant 1,Y,Coal,7299.547894,1.38278566,26079,NA,NA,NA,NA,NA,NA
73,73,73,Michigan Street,Michigan Street_Summer,7.8,30.6626506,83,NA,NA,0,NA,NA,0,NA,NA,0,NA,NA,0,Summer,35,205.44,0.038909091,Duluth Steam Plant 1,Y,Coal,7299.547894,1.38278566,26079,NA,NA,NA,NA,NA,NA
74,74,74,Michigan Street,Michigan Street_Winter,5.263636364,21.90909091,11,NA,NA,0,NA,NA,0,NA,NA,0,NA,NA,0,Winter,35,205.44,0.038909091,Duluth Steam Plant 1,Y,Coal,7299.547894,1.38278566,26079,NA,NA,NA,NA,NA,NA
75,75,75,Near Road I-35,Near Road I-35_Fall,5.914444444,24.38888889,90,5.873809524,24.55952381,84,5.602439024,23.30487805,82,7.68372093,30.34883721,86,5.307777778,21.57777778,90,Fall,35,130.85,0.024782197,Xcel Energy - Blue Lake,Y,Diesel/Natural gas,46701.29154,8.846832322,53808,8.211111111,33.47777778,90,6.308139535,26.08139535,86
76,76,76,Near Road I-35,Near Road I-35_Spring,6.091780822,25.39726027,73,5.556164384,22.09589041,73,5.095890411,21.19178082,73,6.415068493,26.80821918,73,5.868055556,24.30555556,72,Spring,35,130.85,0.024782197,Xcel Energy - Blue Lake,Y,Diesel/Natural gas,46701.29154,8.846832322,53808,5.89673913,24.55434783,92,6.923913043,28.60869565,92
77,77,77,Near Road I-35,Near Road I-35_Summer,8.049074074,32.05555556,108,4.596330275,19.21100917,109,5.977876106,24.4159292,113,7.200925926,29.43518519,108,6.281308411,25.80373832,107,Summer,35,130.85,0.024782197,Xcel Energy - Blue Lake,Y,Diesel/Natural gas,46701.29154,8.846832322,53808,6.868181818,28.07954545,88,11.13695652,40.44565217,92
78,78,78,Near Road I-35,Near Road I-35_Winter,7.004494382,28,89,7.439772727,30.56818182,88,7.695454545,31.54545455,88,10.07640449,39.93258427,89,8.004494382,32.20224719,89,Winter,35,130.85,0.024782197,Xcel Energy - Blue Lake,Y,Diesel/Natural gas,46701.29154,8.846832322,53808,10.72,41.46666667,90,6.223255814,25.81395349,86
79,79,79,Near Road I-35/I-94,Near Road I-35/I-94_Fall,8.582222222,35.03333333,90,7.472941176,31,85,7.062650602,28.89156627,83,7.474117647,28.61176471,85,7.033333333,28.5,90,Fall,94,111.08,0.021037879,Hennepin County Energy Center,Y,Natural gas,2628.157165,0.497863442,14457,7.766666667,31.40740741,81,5.876404494,24.37078652,89
80,80,80,Near Road I-35/I-94,Near Road I-35/I-94_Spring,7.812328767,32.57534247,73,8.632876712,34.4109589,73,7.14109589,29.5890411,73,6.269863014,26.06849315,73,6.14,25.43076923,65,Spring,94,111.08,0.021037879,Hennepin County Energy Center,Y,Natural gas,2628.157165,0.497863442,14457,6.635869565,27.34782609,92,5.978021978,24.43956044,91
81,81,81,Near Road I-35/I-94,Near Road I-35/I-94_Summer,5.906481481,23.78703704,108,5.30619469,22.18584071,113,7.142477876,29.2920354,113,4.495575221,18.54867257,113,5.887387387,24.31531532,111,Summer,94,111.08,0.021037879,Hennepin County Energy Center,Y,Natural gas,2628.157165,0.497863442,14457,5.481914894,22.08510638,94,10.05851064,36.28723404,94
82,82,82,Near Road I-35/I-94,Near Road I-35/I-94_Winter,11.21910112,43.59550562,89,9.280898876,37.25842697,89,9.194382022,36.97752809,89,12.40625,47.9375,80,10.58202247,41.80898876,89,Winter,94,111.08,0.021037879,Hennepin County Energy Center,Y,Natural gas,2628.157165,0.497863442,14457,11.93888889,45.33333333,90,8.97,36.58888889,90
83,83,83,Payne-Phalen Neighborhood,Payne-Phalen Neighborhood_Fall,NA,NA,0,NA,NA,0,NA,NA,0,NA,NA,0,NA,NA,0,Fall,35E,1633.97,0.309464015,United & Children's Hospital,Y,Diesel,12304.91308,2.330974138,30126,NA,NA,NA,NA,NA,NA
84,84,84,Payne-Phalen Neighborhood,Payne-Phalen Neighborhood_Spring,8.261666667,33.73333333,60,NA,NA,0,NA,NA,0,NA,NA,0,NA,NA,0,Spring,35E,1633.97,0.309464015,United & Children's Hospital,Y,Diesel,12304.91308,2.330974138,30126,NA,NA,NA,NA,NA,NA
85,85,85,Payne-Phalen Neighborhood,Payne-Phalen Neighborhood_Summer,14.87027027,54.2972973,37,NA,NA,0,NA,NA,0,NA,NA,0,NA,NA,0,Summer,35E,1633.97,0.309464015,United & Children's Hospital,Y,Diesel,12304.91308,2.330974138,30126,NA,NA,NA,NA,NA,NA
86,86,86,Payne-Phalen Neighborhood,Payne-Phalen Neighborhood_Winter,NA,NA,0,NA,NA,0,NA,NA,0,NA,NA,0,NA,NA,0,Winter,35E,1633.97,0.309464015,United & Children's Hospital,Y,Diesel,12304.91308,2.330974138,30126,NA,NA,NA,NA,NA,NA
87,87,87,Ramsey Health Center,Ramsey Health Center_Fall,7.422222222,30.62962963,27,6.973333333,28.56666667,30,6.786666667,27.46666667,30,7.851851852,29.66666667,27,6.851724138,28,29,Fall,35W/94,158.75,0.030066288,United & Children's Hospital,Y,Diesel,3902.867517,0.739337465,NA,8.596296296,34.2962963,27,7.37,29.2,10
88,88,88,Ramsey Health Center,Ramsey Health Center_Spring,6.039130435,25.17391304,23,6.533333333,26.47619048,21,6.445833333,26.41666667,24,8.780952381,36.04761905,21,6.46,25.88,25,Spring,35W/94,158.75,0.030066288,United & Children's Hospital,Y,Diesel,3902.867517,0.739337465,NA,6.77,28.2,10,5.636666667,23.1,30
89,89,89,Ramsey Health Center,Ramsey Health Center_Summer,8.682051282,35.30769231,39,5.894594595,24.62162162,37,7.782352941,31.70588235,34,8.686111111,34.58333333,36,6.78,28.14285714,35,Summer,35W/94,158.75,0.030066288,United & Children's Hospital,Y,Diesel,3902.867517,0.739337465,NA,6.034482759,25.06896552,29,13.16785714,47.96428571,28
90,90,90,Ramsey Health Center,Ramsey Health Center_Winter,10.15185185,38.40740741,27,8.773333333,34.36666667,30,10.11333333,39.8,30,10.48275862,39.86206897,29,13.025,47,4,Winter,35W/94,158.75,0.030066288,United & Children's Hospital,Y,Diesel,3902.867517,0.739337465,NA,11.66551724,42.55172414,29,8.017857143,32.39285714,28
91,91,91,Red Lake Nation,Red Lake Nation_Fall,4.317777778,18.01111111,90,4.84,20.17777778,90,5.476666667,22.81111111,90,5.751685393,23.73033708,89,4.676190476,19.54761905,84,Fall,29,499276.8,94.56,Centennial Generating Station,Y,Diesel,562818.4806,106.6171954,17723,6.883333333,28.44444444,90,5.469047619,22.82142857,84
92,92,92,Red Lake Nation,Red Lake Nation_Spring,4.327142857,18.02857143,70,4.901470588,20.07352941,68,3.890277778,16.23611111,72,5.608823529,23.38235294,68,5.052857143,20.92857143,70,Spring,29,499276.8,94.56,Centennial Generating Station,Y,Diesel,562818.4806,106.6171954,17723,4.84,20.15555556,90,4.345054945,18.0989011,91
93,93,93,Red Lake Nation,Red Lake Nation_Summer,5.507964602,21.27433628,113,3.495454545,14.60909091,110,5.951428571,23.80952381,105,6.844444444,26.19444444,108,5.679464286,20.58928571,112,Summer,29,499276.8,94.56,Centennial Generating Station,Y,Diesel,562818.4806,106.6171954,17723,3.764044944,15.69662921,89,14.89662921,40.66292135,89
94,94,94,Red Lake Nation,Red Lake Nation_Winter,7.047191011,28.43820225,89,7.088372093,29.25581395,86,6.602298851,27.4137931,87,7.986046512,32.52325581,86,7.92247191,32.21348315,89,Winter,29,499276.8,94.56,Centennial Generating Station,Y,Diesel,562818.4806,106.6171954,17723,7.006896552,28.02298851,87,7.315116279,30.34883721,86
95,95,95,South St. Anthony Park,NA,NA,NA,NA,NA,NA,NA,NA,NA,NA,NA,NA,NA,NA,NA,NA,NA,94,4724.19,0.894732955,Hennepin County Energy Center,Y,Natural gas,14838.24938,2.810875243,23784,NA,NA,NA,NA,NA,NA
96,96,96,Southwest Minnesota Regional Airport,Southwest Minnesota Regional Airport_Fall,6.283908046,25.3908046,87,4.489285714,18.82142857,84,4.79382716,19.97530864,81,5.598876404,23.20224719,89,3.895454545,16.05681818,88,Fall,29,236544,44.8,Xcel Energy - Minnesota Valley,Y,Diesel,147594.4556,27.95947087,32408,6.962068966,28.06896552,87,5.215555556,21.62222222,90
97,97,97,Southwest Minnesota Regional Airport,Southwest Minnesota Regional Airport_Spring,4.875342466,20.10958904,73,4.963380282,20.54929577,71,4.052054795,16.5890411,73,6.210606061,25.89393939,66,4.921126761,20.43661972,71,Spring,29,236544,44.8,Xcel Energy - Minnesota Valley,Y,Diesel,147594.4556,27.95947087,32408,4.635555556,19.34444444,90,5.382608696,22.38043478,92
98,98,98,Southwest Minnesota Regional Airport,Southwest Minnesota Regional Airport_Summer,5.230841121,20.65420561,107,2.744954128,11.53211009,109,5.328301887,21.71698113,106,5.971698113,23.77358491,106,5.91047619,24.57142857,105,Summer,29,236544,44.8,Xcel Energy - Minnesota Valley,Y,Diesel,147594.4556,27.95947087,32408,4.242553191,17.5,94,12.33406593,41.01098901,91
99,99,99,Southwest Minnesota Regional Airport,Southwest Minnesota Regional Airport_Winter,6.129268293,25.1097561,82,5.948863636,24.11363636,88,6.261797753,25.98876404,89,8.395402299,33.09195402,87,5.229069767,21.34883721,86,Winter,29,236544,44.8,Xcel Energy - Minnesota Valley,Y,Diesel,147594.4556,27.95947087,32408,7.106741573,28.23595506,89,7.019101124,26.58426966,89
100,100,100,St. Louis Park City Hall,St. Louis Park City Hall_Fall,6.617241379,27.48275862,29,6.042857143,25.14285714,28,5.896666667,24.23333333,30,6.507407407,25.11111111,27,5.836363636,24.15151515,33,Fall,394,8025.6,1.52,Hennepin County Energy Center,Y,Natural gas,23571.65354,4.465282641,45398,8.708108108,34.24324324,37,7.018181818,28.72727273,11
101,101,101,St. Louis Park City Hall,St. Louis Park City Hall_Spring,5.254166667,21.91666667,24,5.665217391,23.43478261,23,5.379166667,22.375,24,7.404166667,30.58333333,24,5.364,21.8,25,Spring,394,8025.6,1.52,Hennepin County Energy Center,Y,Natural gas,23571.65354,4.465282641,45398,10.6,44,1,5.125714286,21,35
102,102,102,St. Louis Park City Hall,St. Louis Park City Hall_Summer,7.831578947,31.71052632,38,5.375675676,22.43243243,37,7.497297297,30.54054054,37,7.991666667,32.05555556,36,6.65952381,26.9047619,42,Summer,394,8025.6,1.52,Hennepin County Energy Center,Y,Natural gas,23571.65354,4.465282641,45398,5.771428571,24,35,12.27297297,44.18918919,37
103,103,103,St. Louis Park City Hall,St. Louis Park City Hall_Winter,8.955172414,34.82758621,29,7.586666667,30.23333333,30,8.296666667,33.7,30,9.632142857,37.03571429,28,12.4,46.2,5,Winter,394,8025.6,1.52,Hennepin County Energy Center,Y,Natural gas,23571.65354,4.465282641,45398,11.66944444,42.61111111,36,7.521212121,29.3030303,33
104,104,104,St. Michael Elementary School,St. Michael Elementary School_Fall,5.859756098,24.45121951,82,5.878571429,24.52380952,84,6.025,25,84,5.625,22.20238095,84,4.487341772,18.34177215,79,Fall,94,10929.6,2.07,Great River Energy - Saint Bonifacius,Y,Diesel,58650.16957,11.11036116,NA,7.577011494,30.93103448,87,5.973563218,24.89655172,87
105,105,105,St. Michael Elementary School,St. Michael Elementary School_Spring,4.436986301,18.50684932,73,6.879411765,27.25,68,5.257534247,21.78082192,73,6.530136986,27.12328767,73,4.065753425,16.78082192,73,Spring,94,10929.6,2.07,Great River Energy - Saint Bonifacius,Y,Diesel,58650.16957,11.11036116,NA,4.865882353,20.23529412,85,6.202197802,25.71428571,91
106,106,106,St. Michael Elementary School,St. Michael Elementary School_Summer,6.24137931,24.64367816,87,4.962385321,20.72477064,109,6.957798165,28.33944954,109,7.146902655,28.96460177,113,4.716814159,19.36283186,113,Summer,94,10929.6,2.07,Great River Energy - Saint Bonifacius,Y,Diesel,58650.16957,11.11036116,NA,5.684090909,23.47727273,88,12.26595745,41.71276596,94
107,107,107,St. Michael Elementary School,St. Michael Elementary School_Winter,7.972413793,31.54022989,87,7.905617978,32.17977528,89,8.113483146,32.93258427,89,7.831460674,31.1011236,89,6.850574713,27.66666667,87,Winter,94,10929.6,2.07,Great River Energy - Saint Bonifacius,Y,Diesel,58650.16957,11.11036116,NA,10.71222222,40.83333333,90,6.973333333,28.73333333,90
108,108,108,Talahi School,Talahi School_Fall,5.321428571,22.02380952,84,4.742352941,19.8,85,5.956790123,24.83950617,81,5.06375,20.0875,80,4.881176471,20.08235294,85,Fall,94,20697.6,3.92,Great River Energy - Maple Lake,Y,Diesel,121686.7178,23.05165344,23750,6.5,26.63636364,88,5.472413793,22.82758621,87
109,109,109,Talahi School,Talahi School_Spring,4.336986301,18.1369863,73,5.931506849,24.54794521,73,4.369863014,18.26027397,73,6.423287671,26.82191781,73,4.743835616,19.69863014,73,Spring,94,20697.6,3.92,Great River Energy - Maple Lake,Y,Diesel,121686.7178,23.05165344,23750,5.491304348,22.58695652,92,5.654347826,23.52173913,92
110,110,110,Talahi School,Talahi School_Summer,5.926086957,22.91304348,92,3.927433628,16.39823009,113,5.646846847,23.02702703,111,6.194495413,25.27522936,109,4.800892857,19.75,112,Summer,94,20697.6,3.92,Great River Energy - Maple Lake,Y,Diesel,121686.7178,23.05165344,23750,5.05,20.91304348,92,13.4893617,42.44680851,94
111,111,111,Talahi School,Talahi School_Winter,8.594382022,34.02247191,89,6.892134831,27.98876404,89,8.268539326,33.39325843,89,7.751666667,30.56666667,60,6.702247191,27.1011236,89,Winter,94,20697.6,3.92,Great River Energy - Maple Lake,Y,Diesel,121686.7178,23.05165344,23750,10.31022727,39.21590909,88,7.958888889,32.73333333,90
112,112,112,U of M - Duluth,U of M - Duluth_Fall,4.205263158,17.52631579,38,2.829411765,11.79411765,34,4.034285714,16.71428571,35,3.402941176,13.35294118,34,7.097647059,29.4,85,Fall,35,7656,1.45,Duluth Steam Plant 1,Y,Coal,12364.8762,2.342333216,6165,7.5375,31.10227273,88,1.648684211,8.105263158,76
113,113,113,U of M - Duluth,U of M - Duluth_Spring,3.620689655,15.13793103,29,2.722727273,11.45454545,22,3.346153846,13.96153846,26,4.088461538,17.07692308,26,2.780769231,11.69230769,26,Spring,35,7656,1.45,Duluth Steam Plant 1,Y,Coal,12364.8762,2.342333216,6165,6.386206897,26.65517241,87,1.57752809,7.370786517,89
114,114,114,U of M - Duluth,U of M - Duluth_Summer,6.69787234,26.95744681,47,4.16,17.35,40,5.095348837,21.20930233,43,5.395,21.8,40,5.1,21.28813559,59,Summer,35,7656,1.45,Duluth Steam Plant 1,Y,Coal,12364.8762,2.342333216,6165,6.338297872,26.30851064,94,4.854022989,19.31034483,87
115,115,115,U of M - Duluth,U of M - Duluth_Winter,5.934285714,24.48571429,35,5.832258065,22.16129032,31,3.924242424,16.12121212,33,4.848275862,19.62068966,29,9.971764706,39.83529412,85,Winter,35,7656,1.45,Duluth Steam Plant 1,Y,Coal,12364.8762,2.342333216,6165,5.203614458,20.93975904,83,5.490909091,22.82954545,88
116,116,116,Virginia City Hall,Virginia City Hall_Fall,4.684705882,19.52941176,85,2.945882353,12.54117647,85,3.958333333,16.8452381,84,4.7,18.89772727,88,4.051724138,16.93103448,87,Fall,35,294940.8,55.86,Virginia Department of Public Utilities,Y,Coal/Natural gas/Biomass,839.0794131,0.158950526,16013,4.17,17.42222222,90,4.224444444,17.37777778,90
117,117,117,Virginia City Hall,Virginia City Hall_Spring,6.004166667,24.90277778,72,4.098630137,16.34246575,73,1.055714286,5.542857143,70,5.293055556,22.125,72,3.267647059,13.64705882,68,Spring,35,294940.8,55.86,Virginia Department of Public Utilities,Y,Coal/Natural gas/Biomass,839.0794131,0.158950526,16013,4.227777778,17.68888889,90,3.95,16.51086957,92
118,118,118,Virginia City Hall,Virginia City Hall_Summer,7.687272727,30.10909091,110,3.324778761,13.84070796,113,3.443362832,14.61946903,113,6.625663717,25.84070796,113,5.412389381,21.96460177,113,Summer,35,294940.8,55.86,Virginia Department of Public Utilities,Y,Coal/Natural gas/Biomass,839.0794131,0.158950526,16013,3.489361702,14.41489362,94,11.9287234,40.46808511,94
119,119,119,Virginia City Hall,Virginia City Hall_Winter,4.737078652,19.50561798,89,3.485393258,14.41573034,89,5.596590909,23.13636364,88,5.434831461,22.53932584,89,5.32247191,21.86516854,89,Winter,35,294940.8,55.86,Virginia Department of Public Utilities,Y,Coal/Natural gas/Biomass,839.0794131,0.158950526,16013,5.196341463,21.17073171,82,4.697752809,19.59550562,89
120,120,120,Voyageurs NP - Sullivan Bay,Voyageurs NP - Sullivan Bay_Fall,2.931034483,12.24137931,29,1.936666667,8.233333333,30,2.896,12.04,25,2.653571429,10.89285714,28,1.873333333,7.9,30,Fall,11 (CA),118008,22.35,Worthington Diesel Generating Plant,Y,Diesel,2389904.98,452.7302763,NA,3.114285714,12.96428571,28,NA,NA,0
121,121,121,Voyageurs NP - Sullivan Bay,Voyageurs NP - Sullivan Bay_Spring,2.743478261,11.47826087,23,4.491666667,15.95833333,24,2.225,9.291666667,24,2.866666667,11.83333333,24,1.976,8.24,25,Spring,11 (CA),118008,22.35,Worthington Diesel Generating Plant,Y,Diesel,2389904.98,452.7302763,NA,2.628,11.04,25,2.542307692,10.69230769,26
122,122,122,Voyageurs NP - Sullivan Bay,Voyageurs NP - Sullivan Bay_Summer,6.118918919,24.18918919,37,3.040540541,12.81081081,37,4.402631579,18.34210526,38,4.792105263,19.23684211,38,3.731428571,15.62857143,35,Summer,11 (CA),118008,22.35,Worthington Diesel Generating Plant,Y,Diesel,2389904.98,452.7302763,NA,2.90625,12.125,32,3.725,15.75,4
123,123,123,Voyageurs NP - Sullivan Bay,Voyageurs NP - Sullivan Bay_Winter,2.996296296,12.55555556,27,3.544444444,14.85185185,27,2.679310345,11.06896552,29,2.71875,11.375,16,3.246428571,13.57142857,28,Winter,11 (CA),118008,22.35,Worthington Diesel Generating Plant,Y,Diesel,2389904.98,452.7302763,NA,3.207692308,12.96153846,26,NA,NA,0
